"Country","Site","Station","Period","benthic_category","recent_year","no_years_benthic","recent_cover","ave_cover","cover","paste(algae_r1$Site, algae_r1$Station, sep = """")"
"Kenya","Kilifi","Kuruwitu","Pre","FA",2014,1,50.38,50.38,50.38,"KilifiKuruwitu"
"Kenya","Kilifi","Kuruwitu","Pre","HC",2014,1,28.2,28.2,28.2,"KilifiKuruwitu"
"Kenya","Kilifi","Kuruwitu","Post","FA",2017,1,32.33,32.33,32.33,"KilifiKuruwitu"
"Kenya","Kilifi","Kuruwitu","Post","HC",2017,1,28.32,28.32,28.32,"KilifiKuruwitu"
"Kenya","Kisite","Mkwiro","Pre","FA",2014,2,21,38.05,38.05,"KisiteMkwiro"
"Kenya","Kisite","Mkwiro","Pre","HC",2014,2,17.1,19.35,19.35,"KisiteMkwiro"
"Kenya","Kisite","Mkwiro","Post","FA",2016,1,43.18,43.18,43.18,"KisiteMkwiro"
"Kenya","Kisite","Mkwiro","Post","HC",2016,1,28.83,28.83,28.83,"KisiteMkwiro"
"Kenya","Lamu","Majongooni","Pre","FA",2014,1,71.3,71.3,71.3,"LamuMajongooni"
"Kenya","Lamu","Majongooni","Pre","HC",2014,1,21.5,21.5,21.5,"LamuMajongooni"
"Kenya","Lamu","Majongooni","Post","FA",2017,1,18.99,18.99,18.99,"LamuMajongooni"
"Kenya","Lamu","Majongooni","Post","HC",2017,1,16.99,16.99,16.99,"LamuMajongooni"
"Kenya","Lamu","Pezali_Rock","Pre","FA",2016,3,7.9,37.4,37.4,"LamuPezali_Rock"
"Kenya","Lamu","Pezali_Rock","Pre","HC",2016,3,56.4,30.3,30.3,"LamuPezali_Rock"
"Kenya","Lamu","Pezali_Rock","Post","FA",2017,1,48.67,48.67,48.67,"LamuPezali_Rock"
"Kenya","Lamu","Pezali_Rock","Post","HC",2017,1,21,21,21,"LamuPezali_Rock"
"Kenya","Malindi","Kivulini","Pre","FA",2014,1,25.563873733,25.563873733,25.563873733,"MalindiKivulini"
"Kenya","Malindi","Kivulini","Pre","HC",2014,1,5.42426057,5.42426057,5.42426057,"MalindiKivulini"
"Kenya","Malindi","Kivulini","Post","FA",2016,1,59.6,59.6,59.6,"MalindiKivulini"
"Kenya","Malindi","Kivulini","Post","HC",2016,1,9.68,9.68,9.68,"MalindiKivulini"
"Kenya","Malindi","Mayunguni","Pre","FA",2015,3,22.5,37.0666666666667,37.0666666666667,"MalindiMayunguni"
"Kenya","Malindi","Mayunguni","Pre","HC",2015,3,5.3,16.6666666666667,16.6666666666667,"MalindiMayunguni"
"Kenya","Malindi","Mayunguni","Post","FA",2017,1,51.01,51.01,51.01,"MalindiMayunguni"
"Kenya","Malindi","Mayunguni","Post","HC",2017,1,15.34,15.34,15.34,"MalindiMayunguni"
"Kenya","Malindi","New_Coral_Garden","Pre","FA",2015,3,7.5,25.2333333333333,25.2333333333333,"MalindiNew_Coral_Garden"
"Kenya","Malindi","New_Coral_Garden","Pre","HC",2015,3,36.5,42.5666666666667,42.5666666666667,"MalindiNew_Coral_Garden"
"Kenya","Malindi","New_Coral_Garden","Post","FA",2016,1,11.26,11.26,11.26,"MalindiNew_Coral_Garden"
"Kenya","Malindi","New_Coral_Garden","Post","HC",2016,1,40.36,40.36,40.36,"MalindiNew_Coral_Garden"
"Kenya","Malindi","North_Reef","Pre","FA",2015,3,13.5,38.3666666666667,38.3666666666667,"MalindiNorth_Reef"
"Kenya","Malindi","North_Reef","Pre","HC",2015,3,16,20.8666666666667,20.8666666666667,"MalindiNorth_Reef"
"Kenya","Malindi","North_Reef","Post","FA",2017,1,60.33,60.33,60.33,"MalindiNorth_Reef"
"Kenya","Malindi","North_Reef","Post","HC",2017,1,23,23,23,"MalindiNorth_Reef"
"Kenya","Malindi","Old_Coral_Garden","Pre","FA",2015,3,9.5,30.3666666666667,30.3666666666667,"MalindiOld_Coral_Garden"
"Kenya","Malindi","Old_Coral_Garden","Pre","HC",2015,3,22.5,30.7333333333333,30.7333333333333,"MalindiOld_Coral_Garden"
"Kenya","Malindi","Old_Coral_Garden","Post","FA",2016,1,13.18,13.18,13.18,"MalindiOld_Coral_Garden"
"Kenya","Malindi","Old_Coral_Garden","Post","HC",2016,1,24.64,24.64,24.64,"MalindiOld_Coral_Garden"
"Kenya","Mombasa","Coral_Garden","Pre","FA",2013,2,37.8,43,43,"MombasaCoral_Garden"
"Kenya","Mombasa","Coral_Garden","Pre","HC",2013,2,32,35.55,35.55,"MombasaCoral_Garden"
"Kenya","Mombasa","Coral_Garden","Post","FA",2016,1,18.82,18.82,18.82,"MombasaCoral_Garden"
"Kenya","Mombasa","Coral_Garden","Post","HC",2016,1,34.36,34.36,34.36,"MombasaCoral_Garden"
"Kenya","Mombasa","Nyali","Pre","FA",2013,2,27.4,37.3,37.3,"MombasaNyali"
"Kenya","Mombasa","Nyali","Pre","HC",2013,2,28.6,21.6,21.6,"MombasaNyali"
"Kenya","Mombasa","Nyali","Post","FA",2016,1,4.24,4.24,4.24,"MombasaNyali"
"Kenya","Mombasa","Nyali","Post","HC",2016,1,25.37,25.37,25.37,"MombasaNyali"
"Kenya","Mombasa","Ras_Iwatine","Pre","FA",2013,2,23.3,37.35,37.35,"MombasaRas_Iwatine"
"Kenya","Mombasa","Ras_Iwatine","Pre","HC",2013,2,29.2,22,22,"MombasaRas_Iwatine"
"Kenya","Mombasa","Ras_Iwatine","Post","FA",2016,1,13.59,13.59,13.59,"MombasaRas_Iwatine"
"Kenya","Mombasa","Ras_Iwatine","Post","HC",2016,1,30.48,30.48,30.48,"MombasaRas_Iwatine"
"Kenya","Mombasa","Starfish","Pre","FA",2013,2,29.3,44.05,44.05,"MombasaStarfish"
"Kenya","Mombasa","Starfish","Pre","HC",2013,2,25.6,25.25,25.25,"MombasaStarfish"
"Kenya","Mombasa","Starfish","Post","FA",2016,1,26.4,26.4,26.4,"MombasaStarfish"
"Kenya","Mombasa","Starfish","Post","HC",2016,1,13.37,13.37,13.37,"MombasaStarfish"
"Kenya","Shimoni","Kibuyuni","Pre","FA",2014,2,24.6,24.95,24.95,"ShimoniKibuyuni"
"Kenya","Shimoni","Kibuyuni","Pre","HC",2014,2,28.4,29.575,29.575,"ShimoniKibuyuni"
"Kenya","Shimoni","Kibuyuni","Post","FA",2017,1,11.5,11.5,11.5,"ShimoniKibuyuni"
"Kenya","Shimoni","Kibuyuni","Post","HC",2017,1,35,35,35,"ShimoniKibuyuni"
"Kenya","Shimoni","Mpunguti-Lower","Pre","FA",2014,2,36.7,36.15,36.15,"ShimoniMpunguti-Lower"
"Kenya","Shimoni","Mpunguti-Lower","Pre","HC",2014,2,16.7,12,12,"ShimoniMpunguti-Lower"
"Kenya","Shimoni","Mpunguti-Lower","Post","FA",2017,1,16.34,16.34,16.34,"ShimoniMpunguti-Lower"
"Kenya","Shimoni","Mpunguti-Lower","Post","HC",2017,1,28.33,28.33,28.33,"ShimoniMpunguti-Lower"
"Kenya","Shimoni","Wasini_Tengefu","Pre","FA",2014,3,21.7,28.85,28.85,"ShimoniWasini_Tengefu"
"Kenya","Shimoni","Wasini_Tengefu","Pre","HC",2014,3,50.1,42.1,42.1,"ShimoniWasini_Tengefu"
"Kenya","Shimoni","Wasini_Tengefu","Post","FA",2017,1,30,30,30,"ShimoniWasini_Tengefu"
"Kenya","Shimoni","Wasini_Tengefu","Post","HC",2017,1,34.65,34.65,34.65,"ShimoniWasini_Tengefu"
"Kenya","Watamu","Coral_Garden","Pre","FA",2013,2,28.2,50.75,50.75,"WatamuCoral_Garden"
"Kenya","Watamu","Coral_Garden","Pre","HC",2013,2,34.5,26.5,26.5,"WatamuCoral_Garden"
"Kenya","Watamu","Coral_Garden","Post","FA",2016,1,42,42,42,"WatamuCoral_Garden"
"Kenya","Watamu","Coral_Garden","Post","HC",2016,1,28.5,28.5,28.5,"WatamuCoral_Garden"
"Kenya","Watamu","Coral_Garden_2","Pre","FA",2014,1,75.8,75.8,75.8,"WatamuCoral_Garden_2"
"Kenya","Watamu","Coral_Garden_2","Pre","HC",2014,1,10.4,10.4,10.4,"WatamuCoral_Garden_2"
"Kenya","Watamu","Coral_Garden_2","Post","FA",2017,1,73.52,73.52,73.52,"WatamuCoral_Garden_2"
"Kenya","Watamu","Coral_Garden_2","Post","HC",2017,1,11.2,11.2,11.2,"WatamuCoral_Garden_2"
"Kenya","Watamu","Richard_Bernets","Pre","FA",2015,3,24,44.2666666666667,44.2666666666667,"WatamuRichard_Bernets"
"Kenya","Watamu","Richard_Bernets","Pre","HC",2015,3,23.5,24.1,24.1,"WatamuRichard_Bernets"
"Kenya","Watamu","Richard_Bernets","Post","FA",2016,1,34.92,34.92,34.92,"WatamuRichard_Bernets"
"Kenya","Watamu","Richard_Bernets","Post","HC",2016,1,28.79,28.79,28.79,"WatamuRichard_Bernets"
"Kenya","Watamu","Richard_Bernets_2","Pre","FA",2014,1,73.1,73.1,73.1,"WatamuRichard_Bernets_2"
"Kenya","Watamu","Richard_Bernets_2","Pre","HC",2014,1,13.5,13.5,13.5,"WatamuRichard_Bernets_2"
"Kenya","Watamu","Richard_Bernets_2","Post","FA",2017,1,72.12,72.12,72.12,"WatamuRichard_Bernets_2"
"Kenya","Watamu","Richard_Bernets_2","Post","HC",2017,1,9.21,9.21,9.21,"WatamuRichard_Bernets_2"
"Kenya","Watamu","Uyombo","Pre","FA",2014,1,57.1,57.1,57.1,"WatamuUyombo"
"Kenya","Watamu","Uyombo","Pre","HC",2014,1,11.6,11.6,11.6,"WatamuUyombo"
"Kenya","Watamu","Uyombo","Post","FA",2017,1,64.53,64.53,64.53,"WatamuUyombo"
"Kenya","Watamu","Uyombo","Post","HC",2017,1,19.17,19.17,19.17,"WatamuUyombo"
"Madagascar","Andavadoaka","Lost","Pre","FA",2016,4,56,57.55,57.55,"AndavadoakaLost"
"Madagascar","Andavadoaka","Lost","Pre","HC",2016,4,30.000000001,28.73333333375,28.73333333375,"AndavadoakaLost"
"Madagascar","Andavadoaka","Lost","Post","FA",2017,1,57.75,57.75,57.75,"AndavadoakaLost"
"Madagascar","Andavadoaka","Lost","Post","HC",2017,1,26.25,26.25,26.25,"AndavadoakaLost"
"Madagascar","Andavadoaka","Ns_Coco_Beach","Pre","FA",2016,5,24.15,32.3538095262,32.3538095262,"AndavadoakaNs_Coco_Beach"
"Madagascar","Andavadoaka","Ns_Coco_Beach","Pre","HC",2016,5,70.33,57.1561587302,57.1561587302,"AndavadoakaNs_Coco_Beach"
"Madagascar","Andavadoaka","Ns_Coco_Beach","Post","FA",2017,2,24.75,15.375,24.75,"AndavadoakaNs_Coco_Beach"
"Madagascar","Andavadoaka","Ns_Coco_Beach","Post","HC",2017,2,60.125,65.2275,60.125,"AndavadoakaNs_Coco_Beach"
"Madagascar","Andavadoaka","Recruitment_North","Pre","FA",2016,4,55.25,40.187500001,40.187500001,"AndavadoakaRecruitment_North"
"Madagascar","Andavadoaka","Recruitment_North","Pre","HC",2016,4,20.25,34.13068181925,34.13068181925,"AndavadoakaRecruitment_North"
"Madagascar","Andavadoaka","Recruitment_North","Post","FA",2017,1,48,48,48,"AndavadoakaRecruitment_North"
"Madagascar","Andavadoaka","Recruitment_North","Post","HC",2017,1,24.875,24.875,24.875,"AndavadoakaRecruitment_North"
"Madagascar","Nosy Be","Nosy_Vorona","Pre","FA",2014,1,0.46,0.46,0.46,"Nosy BeNosy_Vorona"
"Madagascar","Nosy Be","Nosy_Vorona","Pre","HC",2014,1,32.93,32.93,32.93,"Nosy BeNosy_Vorona"
"Madagascar","Nosy Be","Nosy_Vorona","Post","FA",2017,1,10.19,10.19,10.19,"Nosy BeNosy_Vorona"
"Madagascar","Nosy Be","Nosy_Vorona","Post","HC",2017,1,14.28,14.28,14.28,"Nosy BeNosy_Vorona"
"Madagascar","Nosy Be","Three_Brothers","Pre","FA",2014,1,4.98,4.98,4.98,"Nosy BeThree_Brothers"
"Madagascar","Nosy Be","Three_Brothers","Pre","HC",2014,1,51.22,51.22,51.22,"Nosy BeThree_Brothers"
"Madagascar","Nosy Be","Three_Brothers","Post","FA",2017,1,4.24,4.24,4.24,"Nosy BeThree_Brothers"
"Madagascar","Nosy Be","Three_Brothers","Post","HC",2017,1,40.25,40.25,40.25,"Nosy BeThree_Brothers"
"Madagascar","Nosy Be","Turtle_towers","Pre","FA",2014,1,2.51,2.51,2.51,"Nosy BeTurtle_towers"
"Madagascar","Nosy Be","Turtle_towers","Pre","HC",2014,1,65.11,65.11,65.11,"Nosy BeTurtle_towers"
"Madagascar","Nosy Be","Turtle_towers","Post","FA",2017,1,8.5,8.5,8.5,"Nosy BeTurtle_towers"
"Madagascar","Nosy Be","Turtle_towers","Post","HC",2017,1,42.29,42.29,42.29,"Nosy BeTurtle_towers"
"Madagascar","Nosy Komba","Dragon's_Den","Pre","FA",2016,1,3.25,3.25,3.25,"Nosy KombaDragon's_Den"
"Madagascar","Nosy Komba","Dragon's_Den","Pre","HC",2016,1,62.74,62.74,62.74,"Nosy KombaDragon's_Den"
"Madagascar","Nosy Komba","Dragon's_Den","Post","FA",2017,2,10.89,5.85,10.89,"Nosy KombaDragon's_Den"
"Madagascar","Nosy Komba","Dragon's_Den","Post","HC",2017,2,50.64,56.69,50.64,"Nosy KombaDragon's_Den"
"Madagascar","Nosy Komba","Galaxea","Pre","FA",2016,1,0,0,0,"Nosy KombaGalaxea"
"Madagascar","Nosy Komba","Galaxea","Pre","HC",2016,1,54.9,54.9,54.9,"Nosy KombaGalaxea"
"Madagascar","Nosy Komba","Galaxea","Post","FA",2017,2,10.37,5.695,10.37,"Nosy KombaGalaxea"
"Madagascar","Nosy Komba","Galaxea","Post","HC",2017,2,43.61,49.255,43.61,"Nosy KombaGalaxea"
"Madagascar","Nosy Komba","Turtle_Towers","Pre","FA",2016,1,3.88,3.88,3.88,"Nosy KombaTurtle_Towers"
"Madagascar","Nosy Komba","Turtle_Towers","Pre","HC",2016,1,51.34,51.34,51.34,"Nosy KombaTurtle_Towers"
"Madagascar","Nosy Komba","Turtle_Towers","Post","FA",2017,2,12.35,8.25,12.35,"Nosy KombaTurtle_Towers"
"Madagascar","Nosy Komba","Turtle_Towers","Post","HC",2017,2,39.18,45.26,39.18,"Nosy KombaTurtle_Towers"
"Mauritius","Anse La Raie Lagoon","Degraded_Coral_1","Pre","FA",2016,3,8.75,5.03666666666667,5.03666666666667,"Anse La Raie LagoonDegraded_Coral_1"
"Mauritius","Anse La Raie Lagoon","Degraded_Coral_1","Pre","HC",2016,3,33.12,39.3733333333333,39.3733333333333,"Anse La Raie LagoonDegraded_Coral_1"
"Mauritius","Anse La Raie Lagoon","Degraded_Coral_1","Post","FA",2017,1,3.12,3.12,3.12,"Anse La Raie LagoonDegraded_Coral_1"
"Mauritius","Anse La Raie Lagoon","Degraded_Coral_1","Post","HC",2017,1,28.75,28.75,28.75,"Anse La Raie LagoonDegraded_Coral_1"
"Mauritius","Anse La Raie Lagoon","Degraded_Coral_2","Pre","FA",2016,3,41.88,33.5433333333333,33.5433333333333,"Anse La Raie LagoonDegraded_Coral_2"
"Mauritius","Anse La Raie Lagoon","Degraded_Coral_2","Pre","HC",2016,3,0,0.416666666666667,0.416666666666667,"Anse La Raie LagoonDegraded_Coral_2"
"Mauritius","Anse La Raie Lagoon","Degraded_Coral_2","Post","FA",2017,1,30,30,30,"Anse La Raie LagoonDegraded_Coral_2"
"Mauritius","Anse La Raie Lagoon","Degraded_Coral_2","Post","HC",2017,1,0,0,0,"Anse La Raie LagoonDegraded_Coral_2"
"Mauritius","Anse La Raie Lagoon","Live_Branching_Coral","Pre","FA",2016,4,5.62,1.56,1.56,"Anse La Raie LagoonLive_Branching_Coral"
"Mauritius","Anse La Raie Lagoon","Live_Branching_Coral","Pre","HC",2016,4,51.88,41.64,41.64,"Anse La Raie LagoonLive_Branching_Coral"
"Mauritius","Anse La Raie Lagoon","Live_Branching_Coral","Post","FA",2017,2,0,0,0,"Anse La Raie LagoonLive_Branching_Coral"
"Mauritius","Anse La Raie Lagoon","Live_Branching_Coral","Post","HC",2017,2,40.62,46.25,40.62,"Anse La Raie LagoonLive_Branching_Coral"
"Mauritius","Anse La Raie Lagoon","Live_Lettuce_Coral","Pre","FA",2016,4,10,3.5675,3.5675,"Anse La Raie LagoonLive_Lettuce_Coral"
"Mauritius","Anse La Raie Lagoon","Live_Lettuce_Coral","Pre","HC",2016,4,56.25,59.8175,59.8175,"Anse La Raie LagoonLive_Lettuce_Coral"
"Mauritius","Anse La Raie Lagoon","Live_Lettuce_Coral","Post","FA",2017,2,0,0,0,"Anse La Raie LagoonLive_Lettuce_Coral"
"Mauritius","Anse La Raie Lagoon","Live_Lettuce_Coral","Post","HC",2017,2,65.62,60.935,65.62,"Anse La Raie LagoonLive_Lettuce_Coral"
"Mauritius","Anse La Raie Lagoon","Snorkeling_trail","Pre","FA",2016,1,2.64,2.64,2.64,"Anse La Raie LagoonSnorkeling_trail"
"Mauritius","Anse La Raie Lagoon","Snorkeling_trail","Pre","HC",2016,1,38.67,38.67,38.67,"Anse La Raie LagoonSnorkeling_trail"
"Mauritius","Anse La Raie Lagoon","Snorkeling_trail","Post","FA",2017,1,2.4,2.4,2.4,"Anse La Raie LagoonSnorkeling_trail"
"Mauritius","Anse La Raie Lagoon","Snorkeling_trail","Post","HC",2017,1,40,40,40,"Anse La Raie LagoonSnorkeling_trail"
"Seychelles","Cerf Island","Cerf_Island","Pre","FA",2016,1,0,0,0,"Cerf IslandCerf_Island"
"Seychelles","Cerf Island","Cerf_Island","Pre","HC",2016,1,33,33,33,"Cerf IslandCerf_Island"
"Seychelles","Cerf Island","Cerf_Island","Post","FA",2017,1,0,0,0,"Cerf IslandCerf_Island"
"Seychelles","Cerf Island","Cerf_Island","Post","HC",2017,1,61,61,61,"Cerf IslandCerf_Island"
"Seychelles","Cerf Island","Fairy_Tern","Pre","FA",2016,1,0,0,0,"Cerf IslandFairy_Tern"
"Seychelles","Cerf Island","Fairy_Tern","Pre","HC",2016,1,51,51,51,"Cerf IslandFairy_Tern"
"Seychelles","Cerf Island","Fairy_Tern","Post","FA",2017,1,0,0,0,"Cerf IslandFairy_Tern"
"Seychelles","Cerf Island","Fairy_Tern","Post","HC",2017,1,34,34,34,"Cerf IslandFairy_Tern"
"Seychelles","Cerf Island","Habitation","Pre","FA",2016,1,2,2,2,"Cerf IslandHabitation"
"Seychelles","Cerf Island","Habitation","Pre","HC",2016,1,27,27,27,"Cerf IslandHabitation"
"Seychelles","Cerf Island","Habitation","Post","FA",2017,1,0,0,0,"Cerf IslandHabitation"
"Seychelles","Cerf Island","Habitation","Post","HC",2017,1,52,52,52,"Cerf IslandHabitation"
"Seychelles","Mahe NW","Anse_Major_Point","Pre","FA",2014,3,0,0,0,"Mahe NWAnse_Major_Point"
"Seychelles","Mahe NW","Anse_Major_Point","Pre","HC",2014,3,35,33.6666666666667,33.6666666666667,"Mahe NWAnse_Major_Point"
"Seychelles","Mahe NW","Anse_Major_Point","Post","FA",2017,1,64.57,64.57,64.57,"Mahe NWAnse_Major_Point"
"Seychelles","Mahe NW","Anse_Major_Point","Post","HC",2017,1,19.28,19.28,19.28,"Mahe NWAnse_Major_Point"
"Seychelles","Mahe NW","Anse_Major_Reef","Pre","FA",2016,5,55.88,11.176,11.176,"Mahe NWAnse_Major_Reef"
"Seychelles","Mahe NW","Anse_Major_Reef","Pre","HC",2016,5,18.85,20.37,20.37,"Mahe NWAnse_Major_Reef"
"Seychelles","Mahe NW","Anse_Major_Reef","Post","FA",2017,1,58.14,58.14,58.14,"Mahe NWAnse_Major_Reef"
"Seychelles","Mahe NW","Anse_Major_Reef","Post","HC",2017,1,12.8,12.8,12.8,"Mahe NWAnse_Major_Reef"
"Seychelles","Mahe NW","Auberge_Reef","Pre","FA",2016,5,42.48,8.496,8.496,"Mahe NWAuberge_Reef"
"Seychelles","Mahe NW","Auberge_Reef","Pre","HC",2016,5,22.95,26.99,26.99,"Mahe NWAuberge_Reef"
"Seychelles","Mahe NW","Auberge_Reef","Post","FA",2017,1,49.59,49.59,49.59,"Mahe NWAuberge_Reef"
"Seychelles","Mahe NW","Auberge_Reef","Post","HC",2017,1,16.58,16.58,16.58,"Mahe NWAuberge_Reef"
"Seychelles","Mahe NW","Bay_Ternay_Centre","Pre","FA",2016,5,22.5,4.7,4.7,"Mahe NWBay_Ternay_Centre"
"Seychelles","Mahe NW","Bay_Ternay_Centre","Pre","HC",2016,5,54.66,56.132,56.132,"Mahe NWBay_Ternay_Centre"
"Seychelles","Mahe NW","Bay_Ternay_Centre","Post","FA",2017,1,32.13,32.13,32.13,"Mahe NWBay_Ternay_Centre"
"Seychelles","Mahe NW","Bay_Ternay_Centre","Post","HC",2017,1,16.77,16.77,16.77,"Mahe NWBay_Ternay_Centre"
"Seychelles","Mahe NW","Bay_Ternay_Lighthouse","Pre","FA",2015,4,1,0.25,0.25,"Mahe NWBay_Ternay_Lighthouse"
"Seychelles","Mahe NW","Bay_Ternay_Lighthouse","Pre","HC",2015,4,45,45.25,45.25,"Mahe NWBay_Ternay_Lighthouse"
"Seychelles","Mahe NW","Bay_Ternay_Lighthouse","Post","FA",2017,1,61.97,61.97,61.97,"Mahe NWBay_Ternay_Lighthouse"
"Seychelles","Mahe NW","Bay_Ternay_Lighthouse","Post","HC",2017,1,10.32,10.32,10.32,"Mahe NWBay_Ternay_Lighthouse"
"Seychelles","Mahe NW","Bay_Ternay_North_East","Pre","FA",2016,5,36.8,7.76,7.76,"Mahe NWBay_Ternay_North_East"
"Seychelles","Mahe NW","Bay_Ternay_North_East","Pre","HC",2016,5,50.63,42.526,42.526,"Mahe NWBay_Ternay_North_East"
"Seychelles","Mahe NW","Bay_Ternay_North_East","Post","FA",2017,1,51.73,51.73,51.73,"Mahe NWBay_Ternay_North_East"
"Seychelles","Mahe NW","Bay_Ternay_North_East","Post","HC",2017,1,14.22,14.22,14.22,"Mahe NWBay_Ternay_North_East"
"Seychelles","Mahe NW","Bay_Ternay_North_West","Pre","FA",2016,5,53.26,11.652,11.652,"Mahe NWBay_Ternay_North_West"
"Seychelles","Mahe NW","Bay_Ternay_North_West","Pre","HC",2016,5,30.97,37.594,37.594,"Mahe NWBay_Ternay_North_West"
"Seychelles","Mahe NW","Bay_Ternay_North_West","Post","FA",2017,1,38.72,38.72,38.72,"Mahe NWBay_Ternay_North_West"
"Seychelles","Mahe NW","Bay_Ternay_North_West","Post","HC",2017,1,7.55,7.55,7.55,"Mahe NWBay_Ternay_North_West"
"Seychelles","Mahe NW","Conception_Central_East_Face","Pre","FA",2016,3,5.22,1.74,1.74,"Mahe NWConception_Central_East_Face"
"Seychelles","Mahe NW","Conception_Central_East_Face","Pre","HC",2016,3,2.77,24.2566666666667,24.2566666666667,"Mahe NWConception_Central_East_Face"
"Seychelles","Mahe NW","Conception_Central_East_Face","Post","FA",2017,1,62.75,62.75,62.75,"Mahe NWConception_Central_East_Face"
"Seychelles","Mahe NW","Conception_Central_East_Face","Post","HC",2017,1,11.79,11.79,11.79,"Mahe NWConception_Central_East_Face"
"Seychelles","Mahe NW","Conception_North_Point","Pre","FA",2016,4,38.22,13.805,13.805,"Mahe NWConception_North_Point"
"Seychelles","Mahe NW","Conception_North_Point","Pre","HC",2016,4,43.42,46.855,46.855,"Mahe NWConception_North_Point"
"Seychelles","Mahe NW","Conception_North_Point","Post","FA",2017,1,51.03,51.03,51.03,"Mahe NWConception_North_Point"
"Seychelles","Mahe NW","Conception_North_Point","Post","HC",2017,1,4.82,4.82,4.82,"Mahe NWConception_North_Point"
"Seychelles","Mahe NW","Corsaire_Reef","Pre","FA",2016,5,54.12,11.024,11.024,"Mahe NWCorsaire_Reef"
"Seychelles","Mahe NW","Corsaire_Reef","Pre","HC",2016,5,16.91,34.582,34.582,"Mahe NWCorsaire_Reef"
"Seychelles","Mahe NW","Corsaire_Reef","Post","FA",2017,1,48.2,48.2,48.2,"Mahe NWCorsaire_Reef"
"Seychelles","Mahe NW","Corsaire_Reef","Post","HC",2017,1,18.47,18.47,18.47,"Mahe NWCorsaire_Reef"
"Seychelles","Mahe NW","L'ilot_North_Face","Pre","FA",2013,2,0,0,0,"Mahe NWL'ilot_North_Face"
"Seychelles","Mahe NW","L'ilot_North_Face","Pre","HC",2013,2,35,34.5,34.5,"Mahe NWL'ilot_North_Face"
"Seychelles","Mahe NW","L'ilot_North_Face","Post","FA",2017,1,48.6,48.6,48.6,"Mahe NWL'ilot_North_Face"
"Seychelles","Mahe NW","L'ilot_North_Face","Post","HC",2017,1,18.02,18.02,18.02,"Mahe NWL'ilot_North_Face"
"Seychelles","Mahe NW","Port_Launay_South_Reef","Pre","FA",2016,5,52.02,10.404,10.404,"Mahe NWPort_Launay_South_Reef"
"Seychelles","Mahe NW","Port_Launay_South_Reef","Pre","HC",2016,5,27.28,40.856,40.856,"Mahe NWPort_Launay_South_Reef"
"Seychelles","Mahe NW","Port_Launay_South_Reef","Post","FA",2017,1,34.47,34.47,34.47,"Mahe NWPort_Launay_South_Reef"
"Seychelles","Mahe NW","Port_Launay_South_Reef","Post","HC",2017,1,21.77,21.77,21.77,"Mahe NWPort_Launay_South_Reef"
"Seychelles","Mahe NW","Port_Launay_West_Rocks","Pre","FA",2016,4,52.13,13.0325,13.0325,"Mahe NWPort_Launay_West_Rocks"
"Seychelles","Mahe NW","Port_Launay_West_Rocks","Pre","HC",2016,4,27.62,47.405,47.405,"Mahe NWPort_Launay_West_Rocks"
"Seychelles","Mahe NW","Port_Launay_West_Rocks","Post","FA",2017,1,29.86,29.86,29.86,"Mahe NWPort_Launay_West_Rocks"
"Seychelles","Mahe NW","Port_Launay_West_Rocks","Post","HC",2017,1,17.29,17.29,17.29,"Mahe NWPort_Launay_West_Rocks"
"Seychelles","Mahe NW","Ray's_Point","Pre","FA",2014,3,0,0,0,"Mahe NWRay's_Point"
"Seychelles","Mahe NW","Ray's_Point","Pre","HC",2014,3,31,32,32,"Mahe NWRay's_Point"
"Seychelles","Mahe NW","Ray's_Point","Post","FA",2017,1,58.63,58.63,58.63,"Mahe NWRay's_Point"
"Seychelles","Mahe NW","Ray's_Point","Post","HC",2017,1,22.59,22.59,22.59,"Mahe NWRay's_Point"
"Seychelles","Mahe NW","Secret_Beach_Reef","Pre","FA",2016,4,59.41,14.8525,14.8525,"Mahe NWSecret_Beach_Reef"
"Seychelles","Mahe NW","Secret_Beach_Reef","Pre","HC",2016,4,16.34,27.585,27.585,"Mahe NWSecret_Beach_Reef"
"Seychelles","Mahe NW","Secret_Beach_Reef","Post","FA",2017,1,44.75,44.75,44.75,"Mahe NWSecret_Beach_Reef"
"Seychelles","Mahe NW","Secret_Beach_Reef","Post","HC",2017,1,9.57,9.57,9.57,"Mahe NWSecret_Beach_Reef"
"Seychelles","Mahe NW","Site_X","Pre","FA",2016,5,49.73,9.946,9.946,"Mahe NWSite_X"
"Seychelles","Mahe NW","Site_X","Pre","HC",2016,5,20.87,42.574,42.574,"Mahe NWSite_X"
"Seychelles","Mahe NW","Site_X","Post","FA",2017,1,59.97,59.97,59.97,"Mahe NWSite_X"
"Seychelles","Mahe NW","Site_X","Post","HC",2017,1,12.22,12.22,12.22,"Mahe NWSite_X"
"Seychelles","Mahe NW","Site_Y","Pre","FA",2016,5,41.22,8.244,8.244,"Mahe NWSite_Y"
"Seychelles","Mahe NW","Site_Y","Pre","HC",2016,5,40.14,37.828,37.828,"Mahe NWSite_Y"
"Seychelles","Mahe NW","Site_Y","Post","FA",2017,1,49.48,49.48,49.48,"Mahe NWSite_Y"
"Seychelles","Mahe NW","Site_Y","Post","HC",2017,1,18.08,18.08,18.08,"Mahe NWSite_Y"
"Seychelles","Mahe NW","Therese_North_East","Pre","FA",2016,4,42.77,10.6925,10.6925,"Mahe NWTherese_North_East"
"Seychelles","Mahe NW","Therese_North_East","Pre","HC",2016,4,41.64,47.41,47.41,"Mahe NWTherese_North_East"
"Seychelles","Mahe NW","Therese_North_East","Post","FA",2017,1,34.87,34.87,34.87,"Mahe NWTherese_North_East"
"Seychelles","Mahe NW","Therese_North_East","Post","HC",2017,1,26.22,26.22,26.22,"Mahe NWTherese_North_East"
"Seychelles","Mahe NW","Therese_North_End","Pre","FA",2016,4,47.63,11.9075,11.9075,"Mahe NWTherese_North_End"
"Seychelles","Mahe NW","Therese_North_End","Pre","HC",2016,4,33.02,45.505,45.505,"Mahe NWTherese_North_End"
"Seychelles","Mahe NW","Therese_North_End","Post","FA",2017,1,30.18,30.18,30.18,"Mahe NWTherese_North_End"
"Seychelles","Mahe NW","Therese_North_End","Post","HC",2017,1,22.11,22.11,22.11,"Mahe NWTherese_North_End"
"Seychelles","Mahe NW","Therese_South","Pre","FA",2016,4,25.45,6.3625,6.3625,"Mahe NWTherese_South"
"Seychelles","Mahe NW","Therese_South","Pre","HC",2016,4,59.93,42.9825,42.9825,"Mahe NWTherese_South"
"Seychelles","Mahe NW","Therese_South","Post","FA",2017,1,5.01,5.01,5.01,"Mahe NWTherese_South"
"Seychelles","Mahe NW","Therese_South","Post","HC",2017,1,2.53,2.53,2.53,"Mahe NWTherese_South"
"Seychelles","Mahe NW","Whale_Rock","Pre","FA",2016,5,66.52,13.304,13.304,"Mahe NWWhale_Rock"
"Seychelles","Mahe NW","Whale_Rock","Pre","HC",2016,5,14.37,34.274,34.274,"Mahe NWWhale_Rock"
"Seychelles","Mahe NW","Whale_Rock","Post","FA",2017,1,58.26,58.26,58.26,"Mahe NWWhale_Rock"
"Seychelles","Mahe NW","Whale_Rock","Post","HC",2017,1,8.9,8.9,8.9,"Mahe NWWhale_Rock"
"Seychelles","Mahe NW","White_Villa_Reef","Pre","FA",2016,5,52.43,10.486,10.486,"Mahe NWWhite_Villa_Reef"
"Seychelles","Mahe NW","White_Villa_Reef","Pre","HC",2016,5,27.15,28.03,28.03,"Mahe NWWhite_Villa_Reef"
"Seychelles","Mahe NW","White_Villa_Reef","Post","FA",2017,1,43.48,43.48,43.48,"Mahe NWWhite_Villa_Reef"
"Seychelles","Mahe NW","White_Villa_Reef","Post","HC",2017,1,24.42,24.42,24.42,"Mahe NWWhite_Villa_Reef"
"Seychelles","Mahe NW","Willie's_Bay_Point","Pre","FA",2016,5,50.28,10.056,10.056,"Mahe NWWillie's_Bay_Point"
"Seychelles","Mahe NW","Willie's_Bay_Point","Pre","HC",2016,5,24.63,32.726,32.726,"Mahe NWWillie's_Bay_Point"
"Seychelles","Mahe NW","Willie's_Bay_Point","Post","FA",2017,1,76.13,76.13,76.13,"Mahe NWWillie's_Bay_Point"
"Seychelles","Mahe NW","Willie's_Bay_Point","Post","HC",2017,1,9.63,9.63,9.63,"Mahe NWWillie's_Bay_Point"
"Seychelles","Mahe NW","Willie's_Bay_Reef","Pre","FA",2016,1,62.41,62.41,62.41,"Mahe NWWillie's_Bay_Reef"
"Seychelles","Mahe NW","Willie's_Bay_Reef","Pre","HC",2016,1,29.94,29.94,29.94,"Mahe NWWillie's_Bay_Reef"
"Seychelles","Mahe NW","Willie's_Bay_Reef","Post","FA",2017,1,67.49,67.49,67.49,"Mahe NWWillie's_Bay_Reef"
"Seychelles","Mahe NW","Willie's_Bay_Reef","Post","HC",2017,1,8.32,8.32,8.32,"Mahe NWWillie's_Bay_Reef"
"Seychelles","North Reef","Coral_Gardens_North","Pre","FA",2015,2,10,16.5,16.5,"North ReefCoral_Gardens_North"
"Seychelles","North Reef","Coral_Gardens_North","Pre","HC",2015,2,48,31.5,31.5,"North ReefCoral_Gardens_North"
"Seychelles","North Reef","Coral_Gardens_North","Post","FA",2016,1,43,43,43,"North ReefCoral_Gardens_North"
"Seychelles","North Reef","Coral_Gardens_North","Post","HC",2016,1,5.69,5.69,5.69,"North ReefCoral_Gardens_North"
"Seychelles","North Reef","Coral_Gardens_South","Pre","FA",2015,2,8,20.5,20.5,"North ReefCoral_Gardens_South"
"Seychelles","North Reef","Coral_Gardens_South","Pre","HC",2015,2,35,20,20,"North ReefCoral_Gardens_South"
"Seychelles","North Reef","Coral_Gardens_South","Post","FA",2016,1,40,40,40,"North ReefCoral_Gardens_South"
"Seychelles","North Reef","Coral_Gardens_South","Post","HC",2016,1,15,15,15,"North ReefCoral_Gardens_South"
"Seychelles","North Reef","House_Reef","Pre","FA",2015,2,0,15.5,15.5,"North ReefHouse_Reef"
"Seychelles","North Reef","House_Reef","Pre","HC",2015,2,9,7,7,"North ReefHouse_Reef"
"Seychelles","North Reef","House_Reef","Post","FA",2016,1,67,67,67,"North ReefHouse_Reef"
"Seychelles","North Reef","House_Reef","Post","HC",2016,1,6.51,6.51,6.51,"North ReefHouse_Reef"
"Seychelles","North Reef","North_East_Point","Pre","FA",2015,2,1,12,12,"North ReefNorth_East_Point"
"Seychelles","North Reef","North_East_Point","Pre","HC",2015,2,41,24.5,24.5,"North ReefNorth_East_Point"
"Seychelles","North Reef","North_East_Point","Post","FA",2016,1,58,58,58,"North ReefNorth_East_Point"
"Seychelles","North Reef","North_East_Point","Post","HC",2016,1,2.4,2.4,2.4,"North ReefNorth_East_Point"
"Seychelles","North Reef","Sprat_City","Pre","FA",2015,2,0,5,5,"North ReefSprat_City"
"Seychelles","North Reef","Sprat_City","Pre","HC",2015,2,82,41,41,"North ReefSprat_City"
"Seychelles","North Reef","Sprat_City","Post","FA",2016,1,2,2,2,"North ReefSprat_City"
"Seychelles","North Reef","Sprat_City","Post","HC",2016,1,10.56,10.56,10.56,"North ReefSprat_City"
"Tanzania","Mafia","Kitutia","Pre","FA",2015,1,7,7,7,"MafiaKitutia"
"Tanzania","Mafia","Kitutia","Pre","HC",2015,1,45,45,45,"MafiaKitutia"
"Tanzania","Mafia","Kitutia","Post","FA",2017,2,6.833333333,15.916666665,6.833333333,"MafiaKitutia"
"Tanzania","Mafia","Kitutia","Post","HC",2017,2,49.216666673,49.9916666715,49.216666673,"MafiaKitutia"
"Tanzania","Mafia","Utumbi","Pre","FA",2015,1,5,5,5,"MafiaUtumbi"
"Tanzania","Mafia","Utumbi","Pre","HC",2015,1,44,44,44,"MafiaUtumbi"
"Tanzania","Mafia","Utumbi","Post","FA",2017,2,1.3,1.4833333335,1.3,"MafiaUtumbi"
"Tanzania","Mafia","Utumbi","Post","HC",2017,2,18.683333334,28.491666665,18.683333334,"MafiaUtumbi"
"Tanzania","Mafia","Yuyuni","Pre","FA",2015,1,0,0,0,"MafiaYuyuni"
"Tanzania","Mafia","Yuyuni","Pre","HC",2015,1,16,16,16,"MafiaYuyuni"
"Tanzania","Mafia","Yuyuni","Post","FA",2017,2,0,19.45,0,"MafiaYuyuni"
"Tanzania","Mafia","Yuyuni","Post","HC",2017,2,34.950000004,26.6583333355,34.950000004,"MafiaYuyuni"
"Tanzania","Songosongo","Amana_South","Pre","FA",2015,1,0,0,0,"SongosongoAmana_South"
"Tanzania","Songosongo","Amana_South","Pre","HC",2015,1,35,35,35,"SongosongoAmana_South"
"Tanzania","Songosongo","Amana_South","Post","FA",2017,1,21.26,21.26,21.26,"SongosongoAmana_South"
"Tanzania","Songosongo","Amana_South","Post","HC",2017,1,49.38,49.38,49.38,"SongosongoAmana_South"
"Tanzania","Songosongo","Jewe","Pre","FA",2015,1,31,31,31,"SongosongoJewe"
"Tanzania","Songosongo","Jewe","Pre","HC",2015,1,27,27,27,"SongosongoJewe"
"Tanzania","Songosongo","Jewe","Post","FA",2017,1,13.75,13.75,13.75,"SongosongoJewe"
"Tanzania","Songosongo","Jewe","Post","HC",2017,1,54,54,54,"SongosongoJewe"
"Tanzania","Songosongo","Machangi_East","Pre","FA",2015,1,0,0,0,"SongosongoMachangi_East"
"Tanzania","Songosongo","Machangi_East","Pre","HC",2015,1,70,70,70,"SongosongoMachangi_East"
"Tanzania","Songosongo","Machangi_East","Post","FA",2017,1,10.76,10.76,10.76,"SongosongoMachangi_East"
"Tanzania","Songosongo","Machangi_East","Post","HC",2017,1,65.58,65.58,65.58,"SongosongoMachangi_East"
"Tanzania","Songosongo","Pwayasi","Pre","FA",2015,1,0,0,0,"SongosongoPwayasi"
"Tanzania","Songosongo","Pwayasi","Pre","HC",2015,1,53,53,53,"SongosongoPwayasi"
"Tanzania","Songosongo","Pwayasi","Post","FA",2017,1,5.46,5.46,5.46,"SongosongoPwayasi"
"Tanzania","Songosongo","Pwayasi","Post","HC",2017,1,70.91,70.91,70.91,"SongosongoPwayasi"
"Tanzania","Songosongo","Songosongo","Pre","FA",2015,1,17,17,17,"SongosongoSongosongo"
"Tanzania","Songosongo","Songosongo","Pre","HC",2015,1,25,25,25,"SongosongoSongosongo"
"Tanzania","Songosongo","Songosongo","Post","FA",2017,1,38.4,38.4,38.4,"SongosongoSongosongo"
"Tanzania","Songosongo","Songosongo","Post","HC",2017,1,29.2,29.2,29.2,"SongosongoSongosongo"
"Tanzania","Tanga","Funguni","Pre","FA",2016,1,59.44,59.44,59.44,"TangaFunguni"
"Tanzania","Tanga","Funguni","Pre","HC",2016,1,10,10,10,"TangaFunguni"
"Tanzania","Tanga","Funguni","Post","FA",2017,1,54.6,54.6,54.6,"TangaFunguni"
"Tanzania","Tanga","Funguni","Post","HC",2017,1,16.8,16.8,16.8,"TangaFunguni"
"Tanzania","Tanga","Makome","Pre","FA",2016,1,21.11,21.11,21.11,"TangaMakome"
"Tanzania","Tanga","Makome","Pre","HC",2016,1,47.78,47.78,47.78,"TangaMakome"
"Tanzania","Tanga","Makome","Post","FA",2017,1,10.16,10.16,10.16,"TangaMakome"
"Tanzania","Tanga","Makome","Post","HC",2017,1,45.86,45.86,45.86,"TangaMakome"
"Tanzania","Tanga","Maziwe_South","Pre","FA",2016,1,7.86,7.86,7.86,"TangaMaziwe_South"
"Tanzania","Tanga","Maziwe_South","Pre","HC",2016,1,56.43,56.43,56.43,"TangaMaziwe_South"
"Tanzania","Tanga","Maziwe_South","Post","FA",2017,1,2.68,2.68,2.68,"TangaMaziwe_South"
"Tanzania","Tanga","Maziwe_South","Post","HC",2017,1,37.04,37.04,37.04,"TangaMaziwe_South"
"Tanzania","Tanga","Taa","Pre","FA",2016,1,23.89,23.89,23.89,"TangaTaa"
"Tanzania","Tanga","Taa","Pre","HC",2016,1,43.89,43.89,43.89,"TangaTaa"
"Tanzania","Tanga","Taa","Post","FA",2017,1,7.075,7.075,7.075,"TangaTaa"
"Tanzania","Tanga","Taa","Post","HC",2017,1,52.775,52.775,52.775,"TangaTaa"
"Tanzania","Zanzibar","Bawe","Pre","FA",2016,2,2.94,2.36,2.36,"ZanzibarBawe"
"Tanzania","Zanzibar","Bawe","Pre","HC",2016,2,27.23,45.635,45.635,"ZanzibarBawe"
"Tanzania","Zanzibar","Bawe","Post","FA",2017,1,15.983333337,15.983333337,15.983333337,"ZanzibarBawe"
"Tanzania","Zanzibar","Bawe","Post","HC",2017,1,26.650000002,26.650000002,26.650000002,"ZanzibarBawe"
"Tanzania","Zanzibar","Chapwani","Pre","FA",2015,1,0,0,0,"ZanzibarChapwani"
"Tanzania","Zanzibar","Chapwani","Pre","HC",2015,1,62.27,62.27,62.27,"ZanzibarChapwani"
"Tanzania","Zanzibar","Chapwani","Post","FA",2017,1,12.366666667,12.366666667,12.366666667,"ZanzibarChapwani"
"Tanzania","Zanzibar","Chapwani","Post","HC",2017,1,14.433333334,14.433333334,14.433333334,"ZanzibarChapwani"
"Tanzania","Zanzibar","Chumbe_MPA","Pre","FA",2015,3,9.71,7.39333333333333,7.39333333333333,"ZanzibarChumbe_MPA"
"Tanzania","Zanzibar","Chumbe_MPA","Pre","HC",2015,3,65.39,78.4066666666667,78.4066666666667,"ZanzibarChumbe_MPA"
"Tanzania","Zanzibar","Chumbe_MPA","Post","FA",2016,1,4.12,4.12,4.12,"ZanzibarChumbe_MPA"
"Tanzania","Zanzibar","Chumbe_MPA","Post","HC",2016,1,32.61,32.61,32.61,"ZanzibarChumbe_MPA"
"Tanzania","Zanzibar","Murogo","Pre","FA",2015,1,1.21,1.21,1.21,"ZanzibarMurogo"
"Tanzania","Zanzibar","Murogo","Pre","HC",2015,1,67.84,67.84,67.84,"ZanzibarMurogo"
"Tanzania","Zanzibar","Murogo","Post","FA",2017,1,37.85,37.85,37.85,"ZanzibarMurogo"
"Tanzania","Zanzibar","Murogo","Post","HC",2017,1,32.716666667,32.716666667,32.716666667,"ZanzibarMurogo"
